-- Seed data for development
-- Run after migrations: psql $DATABASE_URL < supabase/seed.sql
-- Or via Supabase dashboard: SQL Editor → paste and run

-- NOTE: This seed assumes a user has already signed up via the app.
-- It creates a demo org and links data to it.
-- For local dev, first sign up a user, then run this with that user's ID.

-- Demo org
INSERT INTO organizations (id, name, slug, plan)
VALUES ('00000000-0000-0000-0000-000000000001', 'Neon Dusk Management', 'neon-dusk', 'pro')
ON CONFLICT (id) DO NOTHING;

-- Artist
INSERT INTO artists (id, org_id, name, genre, contact_email, contact_phone)
VALUES (
  '00000000-0000-0000-0000-000000000010',
  '00000000-0000-0000-0000-000000000001',
  'Neon Dusk', 'Indie Rock', 'booking@neondusk.com', '+1-555-0100'
) ON CONFLICT (id) DO NOTHING;

-- Venues
INSERT INTO venues (id, org_id, name, city, state, country, capacity) VALUES
  ('00000000-0000-0000-0000-000000000101', '00000000-0000-0000-0000-000000000001', 'The Bowery Ballroom', 'New York', 'NY', 'US', 575),
  ('00000000-0000-0000-0000-000000000102', '00000000-0000-0000-0000-000000000001', 'The Troubadour', 'Los Angeles', 'CA', 'US', 500),
  ('00000000-0000-0000-0000-000000000103', '00000000-0000-0000-0000-000000000001', 'Schubas Tavern', 'Chicago', 'IL', 'US', 165),
  ('00000000-0000-0000-0000-000000000104', '00000000-0000-0000-0000-000000000001', 'The Basement East', 'Nashville', 'TN', 'US', 800),
  ('00000000-0000-0000-0000-000000000105', '00000000-0000-0000-0000-000000000001', '9:30 Club', 'Washington', 'DC', 'US', 1200),
  ('00000000-0000-0000-0000-000000000106', '00000000-0000-0000-0000-000000000001', 'Paradise Rock Club', 'Boston', 'MA', 'US', 933)
ON CONFLICT (id) DO NOTHING;

-- Contacts
INSERT INTO contacts (id, org_id, venue_id, name, role, email) VALUES
  ('00000000-0000-0000-0000-000000000201', '00000000-0000-0000-0000-000000000001', '00000000-0000-0000-0000-000000000101', 'Sarah Chen', 'Talent Buyer', 'sarah@boweryballroom.com'),
  ('00000000-0000-0000-0000-000000000202', '00000000-0000-0000-0000-000000000001', '00000000-0000-0000-0000-000000000102', 'Mike Rivera', 'Booking Manager', 'mike@troubadour.com'),
  ('00000000-0000-0000-0000-000000000203', '00000000-0000-0000-0000-000000000001', '00000000-0000-0000-0000-000000000103', 'Emily Park', 'Talent Buyer', 'emily@schubas.com'),
  ('00000000-0000-0000-0000-000000000204', '00000000-0000-0000-0000-000000000001', '00000000-0000-0000-0000-000000000104', 'Jake Morrison', 'Events Director', 'jake@thebasementeast.com'),
  ('00000000-0000-0000-0000-000000000205', '00000000-0000-0000-0000-000000000001', '00000000-0000-0000-0000-000000000105', 'Diana Okafor', 'Talent Buyer', 'diana@930.com'),
  ('00000000-0000-0000-0000-000000000206', '00000000-0000-0000-0000-000000000001', '00000000-0000-0000-0000-000000000106', 'Tom Bradley', 'Booking Agent', 'tom@paradiserock.com')
ON CONFLICT (id) DO NOTHING;

-- Tours
INSERT INTO tours (id, org_id, artist_id, name, start_date, end_date, status) VALUES
  ('00000000-0000-0000-0000-000000000301', '00000000-0000-0000-0000-000000000001', '00000000-0000-0000-0000-000000000010', 'East Coast Spring Run', '2026-04-10', '2026-04-25', 'planning'),
  ('00000000-0000-0000-0000-000000000302', '00000000-0000-0000-0000-000000000001', '00000000-0000-0000-0000-000000000010', 'Summer Festival Circuit', '2026-06-15', '2026-07-20', 'planning')
ON CONFLICT (id) DO NOTHING;

-- Shows
INSERT INTO shows (id, org_id, tour_id, venue_id, artist_id, date, status, type, guarantee, ticket_price, doors_time, set_time, notes) VALUES
  ('00000000-0000-0000-0000-000000000401', '00000000-0000-0000-0000-000000000001', '00000000-0000-0000-0000-000000000301', '00000000-0000-0000-0000-000000000101', '00000000-0000-0000-0000-000000000010', '2026-04-10', 'confirmed', 'headline', 2500, 25, '19:00', '21:00', NULL),
  ('00000000-0000-0000-0000-000000000402', '00000000-0000-0000-0000-000000000001', '00000000-0000-0000-0000-000000000301', '00000000-0000-0000-0000-000000000105', '00000000-0000-0000-0000-000000000010', '2026-04-12', 'confirmed', 'headline', 3000, 28, '19:30', '21:30', NULL),
  ('00000000-0000-0000-0000-000000000403', '00000000-0000-0000-0000-000000000001', '00000000-0000-0000-0000-000000000301', '00000000-0000-0000-0000-000000000106', '00000000-0000-0000-0000-000000000010', '2026-04-15', 'hold', 'headline', 2000, NULL, NULL, NULL, 'Waiting on confirmation from venue'),
  ('00000000-0000-0000-0000-000000000404', '00000000-0000-0000-0000-000000000001', '00000000-0000-0000-0000-000000000301', '00000000-0000-0000-0000-000000000103', '00000000-0000-0000-0000-000000000010', '2026-04-18', 'pitched', 'headline', NULL, NULL, NULL, NULL, NULL),
  ('00000000-0000-0000-0000-000000000405', '00000000-0000-0000-0000-000000000001', '00000000-0000-0000-0000-000000000302', '00000000-0000-0000-0000-000000000102', '00000000-0000-0000-0000-000000000010', '2026-06-20', 'idea', 'opener', NULL, NULL, NULL, NULL, 'Opening for Midnight Waves — need to confirm'),
  ('00000000-0000-0000-0000-000000000406', '00000000-0000-0000-0000-000000000001', '00000000-0000-0000-0000-000000000302', '00000000-0000-0000-0000-000000000104', '00000000-0000-0000-0000-000000000010', '2026-07-04', 'pitched', 'festival', NULL, NULL, NULL, NULL, 'Fourth of July festival slot'),
  ('00000000-0000-0000-0000-000000000407', '00000000-0000-0000-0000-000000000001', NULL, '00000000-0000-0000-0000-000000000102', '00000000-0000-0000-0000-000000000010', '2026-01-15', 'played', 'headline', 1800, 20, NULL, NULL, 'Great turnout, sold out'),
  ('00000000-0000-0000-0000-000000000408', '00000000-0000-0000-0000-000000000001', NULL, '00000000-0000-0000-0000-000000000104', '00000000-0000-0000-0000-000000000010', '2025-11-22', 'played', 'opener', 500, NULL, NULL, NULL, 'Opened for Silver Lining')
ON CONFLICT (id) DO NOTHING;

-- Reachouts
INSERT INTO reachouts (id, org_id, venue_id, contact_id, tour_id, status, method, sent_at, last_follow_up, notes) VALUES
  ('00000000-0000-0000-0000-000000000501', '00000000-0000-0000-0000-000000000001', '00000000-0000-0000-0000-000000000101', '00000000-0000-0000-0000-000000000201', '00000000-0000-0000-0000-000000000301', 'booked', 'email', '2026-02-18', NULL, 'Sarah was enthusiastic, confirmed within a week'),
  ('00000000-0000-0000-0000-000000000502', '00000000-0000-0000-0000-000000000001', '00000000-0000-0000-0000-000000000105', '00000000-0000-0000-0000-000000000205', '00000000-0000-0000-0000-000000000301', 'booked', 'email', '2026-02-18', NULL, 'Diana offered April 12 immediately'),
  ('00000000-0000-0000-0000-000000000503', '00000000-0000-0000-0000-000000000001', '00000000-0000-0000-0000-000000000106', '00000000-0000-0000-0000-000000000206', '00000000-0000-0000-0000-000000000301', 'replied', 'email', '2026-02-25', '2026-03-05', 'Tom said likely yes, waiting on calendar confirmation'),
  ('00000000-0000-0000-0000-000000000504', '00000000-0000-0000-0000-000000000001', '00000000-0000-0000-0000-000000000103', '00000000-0000-0000-0000-000000000203', '00000000-0000-0000-0000-000000000301', 'sent', 'email', '2026-03-03', NULL, 'Initial pitch sent, no response yet'),
  ('00000000-0000-0000-0000-000000000505', '00000000-0000-0000-0000-000000000001', '00000000-0000-0000-0000-000000000102', '00000000-0000-0000-0000-000000000202', '00000000-0000-0000-0000-000000000302', 'follow_up', 'dm', '2026-03-04', '2026-03-07', 'DM''d Mike about opener slot for Midnight Waves, need to follow up'),
  ('00000000-0000-0000-0000-000000000506', '00000000-0000-0000-0000-000000000001', '00000000-0000-0000-0000-000000000104', '00000000-0000-0000-0000-000000000204', '00000000-0000-0000-0000-000000000302', 'sent', 'email', '2026-03-06', NULL, 'Pitched for July 4th festival slot'),
  ('00000000-0000-0000-0000-000000000507', '00000000-0000-0000-0000-000000000001', '00000000-0000-0000-0000-000000000103', '00000000-0000-0000-0000-000000000203', NULL, 'no_response', 'email', '2026-01-10', '2026-01-25', 'Tried for a January date, never heard back'),
  ('00000000-0000-0000-0000-000000000508', '00000000-0000-0000-0000-000000000001', '00000000-0000-0000-0000-000000000101', '00000000-0000-0000-0000-000000000201', NULL, 'declined', 'phone', '2025-10-05', NULL, 'No availability in November')
ON CONFLICT (id) DO NOTHING;
